color,director_name,num_critic_for_reviews,duration,director_facebook_likes,actor_3_facebook_likes,actor_2_name,actor_1_facebook_likes,gross,genres,actor_1_name,movie_title,num_voted_users,cast_total_facebook_likes,actor_3_name,facenumber_in_poster,plot_keywords,movie_imdb_link,num_user_for_reviews,language,country,content_rating,budget,title_year,actor_2_facebook_likes,imdb_score,aspect_ratio,movie_facebook_likes
,Brandon Landers,,143,8,8,Alana Kaniewski,720,,Drama|Horror|Thriller,Robbie Barnes,The Ridges ,125,770,Brandon Landers,0,avatar|college|death|tron|university,http://www.imdb.com/title/tt1781935/?ref_=fn_tt_tt_1,8,English,USA,,17350,2011,19,3.0,,33
,Pece Dingo,1,94,,87,Wilhelm von Homburg,156,,Horror,Michael Des Barres,Midnight Cabaret ,47,544,Thom Mathews,0,cigarette smoking|death|devil|nightmare|satanic cult,http://www.imdb.com/title/tt0100146/?ref_=fn_tt_tt_1,4,English,USA,R,,1990,102,4.5,,4
,Jonathan Meyers,1,111,,426,Luke Perry,657,,Drama,Justin Baldoni,A Fine Step ,207,2677,Leonor Varela,0,,http://www.imdb.com/title/tt1604100/?ref_=fn_tt_tt_1,1,,USA,PG,1000000,2014,608,5.3,,212
,Dave Rodriguez,9,98,11,636,Michael Rapaport,979,,Comedy|Drama,Chazz Palminteri,Once Upon a Time in Queens ,291,4036,Paul Sorvino,2,,http://www.imdb.com/title/tt1639397/?ref_=fn_tt_tt_1,7,English,USA,R,1500000,2013,975,6.3,1.89,283
,John Stockwell,2,90,134,354,T.J. Storm,260000,,Action,Matthew Ziff,Kickboxer: Vengeance ,246,261818,Sam Medina,5,,http://www.imdb.com/title/tt3082898/?ref_=fn_tt_tt_1,1,,USA,,17000000,2016,454,9.1,,0
,Jonas Åkerlund,33,96,68,722,Saffron Burrows,2000,,Comedy|Crime|Drama,Noel Gugliemi,Small Apartments ,5732,3683,Matt Lucas,6,fire investigator|landlord|suicide|talking to one's self in a mirror|turpentine,http://www.imdb.com/title/tt1272886/?ref_=fn_tt_tt_1,26,English,USA,R,2000000,2012,811,6.1,1.85,0
,Zackary Adler,10,110,,109,Kevin Leslie,490,,Crime|Drama,Simon Merrells,The Rise of the Krays ,1510,881,Kris Sommerville,0,,http://www.imdb.com/title/tt2945796/?ref_=fn_tt_tt_1,26,English,UK,R,2500000,2015,159,5.0,,0
,Darin Scott,7,95,39,375,Shantel VanSanten,1000,,Drama|Horror|Mystery|Thriller,Julian Morris,Something Wicked ,976,3024,John Robinson,2,eugene oregon|independent film|obsession,http://www.imdb.com/title/tt1327601/?ref_=fn_tt_tt_1,15,English,USA,R,3000000,2014,747,4.8,,395
,Charles Matthau,13,90,139,1000,Michael Jai White,2000,,Comedy|Crime|Thriller,Billy Burke,Freaky Deaky ,6741,6569,Bill Duke,0,black panties|bomb squad|car bomb|dynamite|girl in panties,http://www.imdb.com/title/tt0938305/?ref_=fn_tt_tt_1,11,English,USA,R,6000000,2012,2000,6.5,,0
,Wayne Wang,56,104,61,451,Russell Wong,974,1346503,Drama|History,Bingbing Li,Snow Flower and the Secret Fan ,3024,2430,Ji-hyun Jun,0,car hitting pedestrian|china|fan|nineteenth century|reversal of fortune,http://www.imdb.com/title/tt1541995/?ref_=fn_tt_tt_1,22,English,China,PG-13,6000000,2011,595,6.1,2.35,0
,Richard Rich,2,45,24,29,Kate Higgins,122,,Action|Adventure|Animation|Comedy|Drama|Family|Fantasy|Thriller,Debi Derryberry,Alpha and Omega 4: The Legend of the Saw Toothed Cave ,192,236,Cindy Robinson,0,blindness|cave|spirit|wolf|wolf cub,http://www.imdb.com/title/tt4061848/?ref_=fn_tt_tt_1,6,,USA,,7000000,2014,35,6,,41
,David Hackl,48,94,43,129,Michaela McManus,826,,Action|Horror|Thriller,Scott Glenn,Into the Grizzly Maze ,4486,1586,Luisa D'Oliveira,4,bear|breasts|female nudity|grizzly|wilderness,http://www.imdb.com/title/tt1694021/?ref_=fn_tt_tt_1,38,English,USA,R,10000000,2015,476,5.3,1.85,0
,Tung-Shing Yee,53,119,3,19,Daniel Wu,556,,Action|Crime|Drama|Thriller,Bingbing Fan,Shinjuku Incident ,9177,996,Yasuaki Kurata,4,chinese|gang|gratitude|immigrant|japan,http://www.imdb.com/title/tt1075419/?ref_=fn_tt_tt_1,53,Mandarin,Hong Kong,R,15000000,2009,353,7.1,2.35,821
,,14,60,,405,Dylan Walsh,654,,Drama|Mystery,Poppy Montgomery,Unforgettable ,12854,1906,Dallas Roberts,1,hyperthymesia|new york city|police,http://www.imdb.com/title/tt1842530/?ref_=fn_tt_tt_1,44,,USA,,,,426,6.7,,0
,Mario Van Peebles,7,100,535,399,Mario Van Peebles,668,,Action|Thriller,Martin Kove,Red Sky ,1084,2204,Jacob Vargas,0,exploding airplane|fighter pilot|hands tied|held at gunpoint|military,http://www.imdb.com/title/tt1946381/?ref_=fn_tt_tt_1,11,English,USA,PG-13,25000000,2014,535,4.1,,437
,Lasse Hallström,162,108,529,690,Henry Thomas,17000,80014842,Drama|Romance|War,Channing Tatum,Dear John ,104356,19945,Scott Porter,0,army|coin collector|love|surfboard|u.s. army,http://www.imdb.com/title/tt0989757/?ref_=fn_tt_tt_1,186,English,USA,PG-13,25000000,2010,861,6.3,2.35,14000
,,95,54,,,Royce Johnson,577,,Action|Adventure|Crime|Drama|Sci-Fi|Thriller,Elden Henson,Daredevil ,213483,581,Charlie Cox,0,corruption|lawyer|partnership|superhero|vigilante,http://www.imdb.com/title/tt3322312/?ref_=fn_tt_tt_1,394,English,USA,TV-MA,,,4,8.8,16,55000
,Christopher Barnard,,22,,,,5,,Comedy,Mathew Buck,"10,000 B.C. ",6,5,,0,,http://www.imdb.com/title/tt1869849/?ref_=fn_tt_tt_1,0,,,,,,0,7.2,,0
,Doug Walker,,,131,,Rob Walker,131,,Documentary,Doug Walker,Star Wars: Episode VII - The Force Awakens ,8,143,,0,,http://www.imdb.com/title/tt5289954/?ref_=fn_tt_tt_1,0,,,,,,12,7.1,,0
Black and White,Ivan Kavanagh,12,83,18,,Michael Parle,10,,Horror,Patrick O'Donnell,Tin Can Man ,57,15,Emma Eliza Regan,0,,http://www.imdb.com/title/tt1235811/?ref_=fn_tt_tt_1,1,English,Ireland,,10000,2007,5,6.7,1.33,105
Black and White,Jim Chuchu,6,60,,4,Olwenya Maina,147,,Drama,Paul Ogola,Stories of Our Lives ,70,170,Mugambi Nthiga,0,,http://www.imdb.com/title/tt3973612/?ref_=fn_tt_tt_1,1,Swahili,Kenya,,15000,2014,19,7.4,,45
Black and White,Richard Linklater,61,100,,,Richard Linklater,5,1227508,Comedy|Drama,Tommy Pallotta,Slacker ,15103,5,Jean Caffeine,0,austin texas|moon|pap smear|texas|twenty something,http://www.imdb.com/title/tt0102943/?ref_=fn_tt_tt_1,80,English,USA,R,23000,1991,0,7.1,1.37,2000
Black and White,Kevin Smith,136,102,,216,Brian O'Halloran,898,3151130,Comedy,Jason Mewes,Clerks ,181749,2103,Jeff Anderson,4,clerk|friend|hockey|video|video store,http://www.imdb.com/title/tt0109445/?ref_=fn_tt_tt_1,615,English,USA,R,230000,1994,657,7.8,1.37,0
Black and White,Andrew Bujalski,52,109,26,3,Kate Dollenmayer,26,,Comedy,Andrew Bujalski,Mutual Appreciation ,1578,38,Justin Rice,0,friendship|guitarist|mumblecore|musician|new york,http://www.imdb.com/title/tt0446747/?ref_=fn_tt_tt_1,23,English,USA,R,,2005,6,6.9,1.66,91
Black and White,Andrew Leman,60,47,2,5,David Mersault,19,,Fantasy|Horror|Mystery|Thriller,Dan Novy,The Call of Cthulhu ,6261,43,Barry Lynch,0,1920s|cthulhu|dream|sailor|silent film,http://www.imdb.com/title/tt0478988/?ref_=fn_tt_tt_1,99,English,USA,,50000,2005,9,7.3,1.33,0
Black and White,Joseph Green,95,70,2,6,Jason Evers,24,,Horror|Sci-Fi,Virginia Leith,The Brain That Wouldn't Die ,4752,52,Bruce Kerr,1,brain|fiance|laboratory|surgeon|surgery,http://www.imdb.com/title/tt0052646/?ref_=fn_tt_tt_1,152,English,USA,Approved,62000,1962,16,4.1,1.66,1000
Black and White,Darren Aronofsky,138,84,,194,Clint Mansell,1000,3216970,Drama|Mystery|Thriller,Mark Margolis,Pi ,142619,2065,Stanley B. Herman,0,mathematician|nature|numbers|pattern|using a metal detector on a beach,http://www.imdb.com/title/tt0138704/?ref_=fn_tt_tt_1,586,English,USA,R,60000,1998,512,7.5,1.66,24000
Black and White,John Reinhardt,1,68,2,75,John Ireland,142,,Crime|Drama,Sheldon Leonard,Open Secret ,67,354,Arthur O'Connell,3,anti semitism|gangster,http://www.imdb.com/title/tt0040671/?ref_=fn_tt_tt_1,9,English,USA,Approved,,1948,86,7.1,1.37,10
Black and White,Larry Blamire,88,90,56,56,Brian Howe,126,110536,Comedy|Horror|Sci-Fi,Fay Masterson,The Lost Skeleton of Cadavra ,4117,284,Larry Blamire,1,alien|cave|husband wife relationship|monster|skeleton,http://www.imdb.com/title/tt0307109/?ref_=fn_tt_tt_1,118,English,USA,PG,40000,2001,76,7.0,1.85,0
Black and White,Harry F. Millarde,1,110,,,Johnnie Walker,2,3000000,Crime|Drama,Stephen Carr,Over the Hill to the Poorhouse ,5,4,Mary Carr,1,family relationships|gang|idler|poorhouse|thief,http://www.imdb.com/title/tt0011549/?ref_=fn_tt_tt_1,1,,USA,,100000,1920,2,4.8,1.33,0
Black and White,David Lynch,152,89,,121,Jack Nance,195,,Fantasy|Horror|Sci-Fi,Hal Landon Jr.,Eraserhead ,69831,837,Charlotte Stewart,1,apartment|baby|deformed baby|factory|surrealism,http://www.imdb.com/title/tt0074486/?ref_=fn_tt_tt_1,535,English,USA,Unrated,20000,1977,158,7.4,1.37,0
Black and White,Jean-Luc Godard,36,94,,5,Macha Méril,12,,Drama,Philippe Leroy,Une Femme Mariée ,1962,27,Rita Maiden,0,acting|actor|face slap|fashion|magazine,http://www.imdb.com/title/tt0058701/?ref_=fn_tt_tt_1,10,French,France,,120000,1964,7,7.4,1.37,187
Black and White,George A. Romero,284,96,,56,Duane Jones,125,,Drama|Horror|Mystery,Judith O'Dea,Night of the Living Dead ,87978,403,S. William Hinzman,5,cemetery|farmhouse|radiation|running out of gas|zombie,http://www.imdb.com/title/tt0063350/?ref_=fn_tt_tt_1,580,English,USA,Unrated,114000,1968,108,8.0,1.85,0
Black and White,Deborah Anderson,16,66,4,232,Jesse Jane,502,,Documentary,Lisa Ann,Aroused ,502,1796,Kayden Kross,0,aroused|photography|pornography documentary|pornstar,http://www.imdb.com/title/tt2403815/?ref_=fn_tt_tt_1,9,English,USA,,150000,2013,366,5.3,,207
Black and White,Robinson Devor,18,88,14,3,Eugene Roche,142,110720,Comedy,Marilyn Rising,The Woman Chaser ,524,168,Max Kerstein,0,car salesman|filmmaking|pulp fiction|santa claus suit|truck driver,http://www.imdb.com/title/tt0217894/?ref_=fn_tt_tt_1,22,English,USA,,1200000,1999,23,7.3,,73
Black and White,Spike Lee,26,88,,46,Joie Lee,539,7137502,Comedy|Romance,S. Epatha Merkerson,She's Gotta Have It ,4769,708,Tracy Camilla Johns,0,female nudity|male model|nudity|rite of passage|sex,http://www.imdb.com/title/tt0091939/?ref_=fn_tt_tt_1,26,English,USA,R,175000,1986,53,6.5,1.85,406
Black and White,James Kerwin,25,89,,31,Chase Masterson,236,,Drama|Music|Mystery|Romance|Sci-Fi,John Newton,Yesterday Was a Lie ,374,518,H.M. Wynant,3,claim in title|jazz|jazz singer|sexy woman|time manipulation,http://www.imdb.com/title/tt0448182/?ref_=fn_tt_tt_1,10,English,USA,PG,2500000,2008,189,5.4,1.78,83
Black and White,Carl Theodor Dreyer,54,126,147,,Sylvia Eckhausen,0,,Drama|Fantasy,Hanne Aagesen,Ordet ,9903,0,Ejner Federspiel,0,august|doctor|faith|patriarch|prayer,http://www.imdb.com/title/tt0048452/?ref_=fn_tt_tt_1,49,Danish,Denmark,Not Rated,,1955,0,8.1,1.37,863
Black and White,Lowell Sherman,35,66,16,28,Gilbert Roland,418,,Comedy|Drama|History|Musical|Romance,Mae West,She Done Him Wrong ,4152,583,Louise Beavers,1,captain|marriage proposal|saloon|saloon singer|singer,http://www.imdb.com/title/tt0024548/?ref_=fn_tt_tt_1,59,English,USA,Approved,200000,1933,85,6.5,1.37,328
Black and White,Eugène Lourié,67,80,7,21,Cecil Kellaway,57,5000000,Adventure|Horror|Sci-Fi,Kenneth Tobey,"The Beast from 20,000 Fathoms ",4812,205,Ross Elliott,0,arctic|beast|dinosaur|monster|rhedosaurus,http://www.imdb.com/title/tt0045546/?ref_=fn_tt_tt_1,88,English,USA,Approved,210000,1953,40,6.7,1.37,465
Black and White,King Vidor,48,151,54,6,Renée Adorée,81,,Drama|Romance|War,John Gilbert,The Big Parade ,4849,108,Claire Adams,0,chewing gum|climbing a tree|france|translation problems|world war one,http://www.imdb.com/title/tt0015624/?ref_=fn_tt_tt_1,45,,USA,Not Rated,245000,1925,12,8.3,1.33,226
Black and White,Hilary Brougher,8,81,,5,Samantha Buck,119,18195,Sci-Fi,James Urbaniak,The Sticky Fingers of Time ,336,154,Terumi Matthews,0,future|nonlinear timeline|time travel|title directed by female|writer,http://www.imdb.com/title/tt0127302/?ref_=fn_tt_tt_1,7,English,USA,,250000,1997,24,6.3,1.85,67
Black and White,Michael Roemer,24,95,,87,Gloria Foster,581,12438,Drama|Romance,Yaphet Kotto,Nothing But a Man ,891,835,Ivan Dixon,1,1960s|father|railroad|town|worker,http://www.imdb.com/title/tt0058414/?ref_=fn_tt_tt_1,26,English,USA,Not Rated,160000,1964,99,8.1,,363
Black and White,Frank Capra,124,65,964,21,Alan Hale,380,,Comedy|Romance,Claudette Colbert,It Happened One Night ,64888,540,Walter Connolly,1,bus|detective|love|money|reporter,http://www.imdb.com/title/tt0025316/?ref_=fn_tt_tt_1,235,English,USA,Unrated,325000,1934,114,8.2,1.37,0
Black and White,Sidney Lumet,177,96,,253,Lee J. Cobb,359,,Crime|Drama,Jack Warden,12 Angry Men ,447785,1433,John Fiedler,1,courtroom|dialogue driven|dialogue driven storyline|jury|murder,http://www.imdb.com/title/tt0050083/?ref_=fn_tt_tt_1,888,English,USA,Not Rated,350000,1957,259,8.9,1.66,40000
Black and White,Harry Beaumont,36,100,4,4,Bessie Love,77,2808000,Musical|Romance,Anita Page,The Broadway Melody ,4546,109,Charles King,8,sibling rivalry|singer|sister act|whistling|wisecrack humor,http://www.imdb.com/title/tt0019729/?ref_=fn_tt_tt_1,71,English,USA,Passed,379000,1929,28,6.3,1.37,167
Black and White,D.W. Griffith,69,123,204,9,Mae Marsh,436,,Drama|History|War,Lillian Gish,Intolerance: Love's Struggle Throughout the Ages ,10718,481,Walter Long,1,huguenot|intolerance|medicis|protestant|wedding,http://www.imdb.com/title/tt0006864/?ref_=fn_tt_tt_1,88,,USA,Not Rated,385907,1916,22,8.0,1.33,691
Black and White,Ari Kirschenbaum,8,84,,36,Adam LeFevre,169,25918,Drama|Horror|Mystery|Thriller,R. Brandon Johnson,Fabled ,191,312,Desmond Askew,0,,http://www.imdb.com/title/tt0299863/?ref_=fn_tt_tt_1,10,English,USA,R,,2002,80,5.8,1.78,7
Black and White,Lucio Fulci,203,82,385,22,David Warbeck,48,126387,Horror,Catriona MacColl,The Beyond ,14985,123,Al Cliver,0,doctor|hell|hotel|painter|plumber,http://www.imdb.com/title/tt0082307/?ref_=fn_tt_tt_1,253,Italian,Italy,X,400000,1981,22,6.9,2.35,2000
Black and White,Stacy Peralta,86,91,147,5,Jay Adams,22,1293295,Documentary|Sport,Tony Alva,Dogtown and Z-Boys ,10366,54,Jeff Ament,0,california|drought|playground|skateboarding|surfer,http://www.imdb.com/title/tt0275309/?ref_=fn_tt_tt_1,88,English,USA,PG-13,,2001,20,7.7,1.37,0
Black and White,Lloyd Bacon,65,89,24,45,Dick Powell,610,2300000,Comedy|Musical|Romance,Ginger Rogers,42nd Street ,7921,995,George Brent,2,chorus girl|chorus line|director|gala premiere|song,http://www.imdb.com/title/tt0024034/?ref_=fn_tt_tt_1,97,English,USA,Unrated,439000,1933,105,7.7,1.37,439
Black and White,Tom DiCillo,10,97,32,329,Tina Louise,11000,,Comedy|Music|Romance,Brad Pitt,Johnny Suede ,3013,11839,Nick Cave,0,idol|musician|vomiting|watching television|wyoming,http://www.imdb.com/title/tt0104567/?ref_=fn_tt_tt_1,24,English,Switzerland,R,500000,1991,422,5.8,1.85,344
Black and White,Akira Kurosawa,153,202,,4,Minoru Chiaki,304,269061,Action|Adventure|Drama,Takashi Shimura,Seven Samurai ,229012,338,Kamatari Fujiwara,6,16th century|battle|japan|practice|samurai,http://www.imdb.com/title/tt0047478/?ref_=fn_tt_tt_1,596,Japanese,Japan,Unrated,2000000,1954,8,8.7,1.37,11000
Black and White,Morgan J. Freeman,17,86,204,474,Heather Matarazzo,659,334041,Crime|Drama|Romance,Edie Falco,Hurricane Streets ,1038,2322,Lynn Cohen,3,gang|new mexico|prison|smuggling|theft,http://www.imdb.com/title/tt0119338/?ref_=fn_tt_tt_1,21,English,USA,R,500000,1997,529,6.5,1.85,51
Black and White,Richard Lester,105,87,44,704,Ringo Starr,785,515005,Comedy|Musical,Paul McCartney,A Hard Day's Night ,31429,2538,George Harrison,1,boy|concert|drummer|manager|television,http://www.imdb.com/title/tt0058182/?ref_=fn_tt_tt_1,219,English,UK,Approved,560000,1964,725,7.7,1.75,0
Black and White,Daniel Myrick,360,81,19,39,Joshua Leonard,170,140530114,Horror,Heather Donahue,The Blair Witch Project ,186786,399,Michael C. Williams,0,found footage|looking at the camera|lost in the woods|maryland|screaming in horror,http://www.imdb.com/title/tt0185937/?ref_=fn_tt_tt_1,3400,English,USA,R,60000,1999,170,6.4,1.33,0
Black and White,Mark Sandrich,66,81,10,23,Edward Everett Horton,610,3000000,Comedy|Musical|Romance,Ginger Rogers,Top Hat ,13269,824,Eric Blore,2,dance|dancer|dancing|horse|tap dancing,http://www.imdb.com/title/tt0027125/?ref_=fn_tt_tt_1,98,English,USA,Approved,609000,1935,172,7.8,1.37,1000
Black and White,Randy Moore,143,90,13,432,Lee Armstrong,977,169719,Fantasy|Horror,Trey Loney,Escape from Tomorrow ,7384,2483,Amy Lucas,0,diarrhea|female nudity|middle aged man|sex scene|sexy nurse,http://www.imdb.com/title/tt2187884/?ref_=fn_tt_tt_1,79,English,USA,Not Rated,,2013,511,5.2,1.85,0
Black and White,Fred Zinnemann,153,85,160,433,Lloyd Bridges,998,,Thriller|Western,Gary Cooper,High Noon ,80193,2496,Lon Chaney Jr.,0,appeasement|frontier justice|justice|one against many|street shootout,http://www.imdb.com/title/tt0044706/?ref_=fn_tt_tt_1,333,English,USA,PG,750000,1952,575,8.1,1.37,3000
Black and White,Georg Wilhelm Pabst,71,110,21,3,Francis Lederer,426,9950,Crime|Drama|Romance,Louise Brooks,Pandora's Box ,7431,455,Fritz Kortner,1,escape|femme fatale|german expressionism|lust|violence,http://www.imdb.com/title/tt0018737/?ref_=fn_tt_tt_1,84,German,Germany,Not Rated,,1929,20,8.0,1.33,926
Black and White,Elia Kazan,134,108,603,279,Karl Malden,10000,9600000,Crime|Drama|Romance,Marlon Brando,On the Waterfront ,100890,11094,Rod Steiger,2,death|dock|longshoreman|murder|union,http://www.imdb.com/title/tt0047296/?ref_=fn_tt_tt_1,281,English,USA,Not Rated,910000,1954,416,8.2,1.85,0
Black and White,Guy Hamilton,12,94,82,47,Eddie Albert,694,,Drama,Oliver Reed,The Party's Over ,340,964,Louise Sorel,1,beatnik|businessman|necrophilia|party|partying,http://www.imdb.com/title/tt0060816/?ref_=fn_tt_tt_1,7,English,UK,,,1965,196,7.3,1.37,32
Black and White,Eric Nicholas,71,78,,61,Ana Claudia Talancón,262,10018,Crime|Drama|Thriller,Jordana Spiro,Alone with Her ,3228,509,Jonathon Trent,0,female nudity|female pubic hair|masturbation|panties|pubic hair,http://www.imdb.com/title/tt0472259/?ref_=fn_tt_tt_1,31,English,USA,Not Rated,1000000,2006,163,6.1,1.85,244
Black and White,Khalid Mohamed,1,167,10,97,Manoj Bajpayee,353,610991,Drama|Romance,Karisma Kapoor,Fiza ,2715,773,Jaya Bhaduri,3,mumbai riots|politician|riot|suicide|tragic event,http://www.imdb.com/title/tt0248012/?ref_=fn_tt_tt_1,19,Hindi,India,,1000000,2000,186,6.2,2.35,92
Black and White,Allan Dwan,40,109,23,88,Richard Jaeckel,183,,Action|Drama|Romance|War,James Brown,Sands of Iwo Jima ,7346,510,Forrest Tucker,0,battle|combat|heroic military|sergeant|tarawa,http://www.imdb.com/title/tt0041841/?ref_=fn_tt_tt_1,69,English,USA,Approved,1000000,1949,102,7.2,1.37,624
Black and White,Robert D. Webb,39,89,,102,Neville Brand,356,,Drama|Romance|Western,James Drury,Love Me Tender ,2636,831,Debra Paget,1,army|civil war|robbery|soldier|train,http://www.imdb.com/title/tt0049452/?ref_=fn_tt_tt_1,36,English,USA,,1000000,1956,110,6.2,2.35,365
Black and White,Guy Maddin,58,73,126,3,CindyMarie Small,14,39659,Comedy|Horror|Musical,Sarah Murphy-Dyson,Dracula: Pages from a Virgin's Diary ,1555,21,Brent Neale,1,ballet|cult film|dance|dracula|gothic,http://www.imdb.com/title/tt0293113/?ref_=fn_tt_tt_1,32,English,Canada,,1600000,2002,4,7.0,1.85,131
Black and White,Shane Meadows,99,90,222,68,Gary Stretch,680,6013,Crime|Drama|Thriller,Paddy Considine,Dead Man's Shoes ,39929,1311,George Newton,0,anger|army veteran|independent film|revenge|sex scene,http://www.imdb.com/title/tt0419677/?ref_=fn_tt_tt_1,207,English,UK,,695393,2004,404,7.7,1.85,0
Black and White,Michael Curtiz,24,100,345,94,David Niven,843,,Action|Adventure|Romance|War,Errol Flynn,The Charge of the Light Brigade ,3418,1621,Spring Byington,3,attack|fort|india|lancer|massacre,http://www.imdb.com/title/tt0027438/?ref_=fn_tt_tt_1,52,English,USA,Approved,1200000,1936,490,7.1,1.37,204
Black and White,Walter Lang,7,83,9,51,Nigel Bruce,94,,Drama|Family|Fantasy,Spring Byington,The Blue Bird ,1047,293,Gale Sondergaard,1,1800s|bird|blue bird of happiness|foreign language adaptation|past,http://www.imdb.com/title/tt0032264/?ref_=fn_tt_tt_1,25,English,USA,Approved,,1940,62,6.5,1.37,548
Black and White,John Ford,74,118,673,137,Walter Pidgeon,595,,Drama|Family,Roddy McDowall,How Green Was My Valley ,15840,1129,Barry Fitzgerald,5,coal mine|girl|school|village|wales,http://www.imdb.com/title/tt0033729/?ref_=fn_tt_tt_1,124,English,USA,Approved,1250000,1941,176,7.8,1.37,0
Black and White,Billy Wilder,97,101,,66,Jane Wyman,287,,Drama|Film-Noir,Ray Milland,The Lost Weekend ,24959,581,Frank Faylen,4,addiction|alcoholic|alcoholism|paranoia|suicidal thoughts,http://www.imdb.com/title/tt0037884/?ref_=fn_tt_tt_1,136,English,USA,Not Rated,1250000,1945,160,8.0,1.37,0
Black and White,Alfred Hitchcock,144,130,13000,333,Joan Fontaine,1000,,Drama|Film-Noir|Mystery|Thriller,Laurence Olivier,Rebecca ,87424,2888,George Sanders,2,death|estate|housekeeper|love|monte carlo,http://www.imdb.com/title/tt0032976/?ref_=fn_tt_tt_1,276,English,USA,Not Rated,1288000,1940,991,8.2,1.37,0
Black and White,Jonathan Kesselman,35,87,4,624,Adam Goldberg,2000,19539,Comedy,Judy Greer,The Hebrew Hammer ,4182,6227,Tony Cox,1,blaxploitation|hanukkah|jewish|kwanzaa|santa claus,http://www.imdb.com/title/tt0317640/?ref_=fn_tt_tt_1,53,English,USA,R,1000000,2003,1000,6.2,1.85,3000
Black and White,Charles Chaplin,120,87,,8,Stanley Blystone,309,163245,Comedy|Drama|Family,Paulette Goddard,Modern Times ,143086,352,Fred Malatesta,1,actor director writer|invention|machine|music score composed by director|tramp,http://www.imdb.com/title/tt0027977/?ref_=fn_tt_tt_1,211,English,USA,G,1500000,1936,8,8.6,1.37,0
Black and White,Henry Bean,84,98,21,76,Theresa Russell,33000,406035,Drama,Ryan Gosling,The Believer ,30314,33441,Summer Phoenix,0,jew|jewish nazi|nazism|racism|skinhead,http://www.imdb.com/title/tt0247199/?ref_=fn_tt_tt_1,159,English,USA,R,1500000,2001,243,7.2,1.66,0
Black and White,Frank Capra,96,120,964,248,Jean Arthur,607,,Comedy|Drama,Claude Rains,Mr. Smith Goes to Washington ,77392,1573,Thomas Mitchell,7,camp|corruption|governor|senate|u.s. senate,http://www.imdb.com/title/tt0031679/?ref_=fn_tt_tt_1,245,English,USA,Not Rated,1500000,1939,319,8.2,1.37,0
Black and White,Fred Zinnemann,101,118,160,426,Donna Reed,862,,Drama|Romance|War,Montgomery Clift,From Here to Eternity ,33987,2247,Deborah Kerr,5,boxing|captain|hawaii|love|sergeant,http://www.imdb.com/title/tt0045793/?ref_=fn_tt_tt_1,150,English,USA,Not Rated,1650000,1953,488,7.8,1.37,0
Black and White,Frank Capra,51,126,964,275,Ann Miller,319,,Comedy|Drama|Romance,Jean Arthur,You Can't Take It with You ,17799,1363,Lionel Barrymore,10,eccentric|friend|house|monopoly|stenographer,http://www.imdb.com/title/tt0030993/?ref_=fn_tt_tt_1,133,English,USA,Approved,1644736,1938,302,8.0,1.37,0
Black and White,Tom Tykwer,181,81,670,34,Ludger Pistor,486,7267324,Crime|Drama,Moritz Bleibtreu,Run Lola Run ,161471,623,Armin Rohde,1,bechdel test failed|money|multiple outcomes|repeated event|subway,http://www.imdb.com/title/tt0130827/?ref_=fn_tt_tt_1,709,German,Germany,R,3500000,1998,37,7.8,1.85,0
Black and White,Richard Brooks,27,87,174,114,Jim Backus,2000,,Crime|Drama|Film-Noir,Humphrey Bogart,Deadline - U.S.A. ,1756,2831,Kim Hunter,0,editor|gangster|newspaper|organized crime|press,http://www.imdb.com/title/tt0044533/?ref_=fn_tt_tt_1,28,English,USA,,,1952,399,7.2,1.37,169
Black and White,Jonathan Wacks,13,93,,482,Gary Farmer,12000,,Comedy|Horror,Steve Buscemi,Ed and His Dead Mother ,1435,14620,Jon Gries,0,based on ed gein|dog|hyperactive|macabre|zombie,http://www.imdb.com/title/tt0106792/?ref_=fn_tt_tt_1,17,English,USA,PG-13,1800000,1993,580,6.1,1.78,266
Black and White,Stanley Kubrick,192,95,,277,Slim Pickens,654,,Comedy,George C. Scott,Dr. Strangelove or: How I Learned to Stop Worrying and Love the Bomb ,342585,1991,Keenan Wynn,0,bomber|doomsday|general|u.s. president|war room,http://www.imdb.com/title/tt0057012/?ref_=fn_tt_tt_1,839,English,USA,PG,1800000,1964,575,8.5,1.66,18000
Black and White,Elia Kazan,94,125,603,114,Karl Malden,10000,,Drama,Marlon Brando,A Streetcar Named Desire ,78454,10570,Kim Hunter,0,brother in law sister in law relationship|expectant father|histrionic personality disorder|middle aged woman|off screen rape,http://www.imdb.com/title/tt0044081/?ref_=fn_tt_tt_1,233,English,USA,PG,1800000,1951,416,8.0,1.37,5000
Black and White,Tim Hunter,45,99,28,223,Daniel Roebuck,18000,4600000,Crime|Drama,Keanu Reeves,River's Edge ,11763,19649,Ione Skye,2,death|friend|high school|murder|police,http://www.imdb.com/title/tt0091860/?ref_=fn_tt_tt_1,111,English,USA,R,1900000,1986,1000,7.1,1.85,0
Black and White,Paul Bunnell,94,106,5,356,Kevin McCarthy,416,2436,Comedy|Fantasy|Musical|Sci-Fi,Kate Maberly,The Ghastly Love of Johnny X ,344,1611,Paul Williams,2,1950s|independent film|outlaw|trial,http://www.imdb.com/title/tt1754633/?ref_=fn_tt_tt_1,19,English,USA,Not Rated,2000000,2012,403,5.7,2.35,655
Black and White,Orson Welles,90,92,,18,Everett Sloane,1000,7927,Crime|Drama|Film-Noir|Mystery|Thriller,Rita Hayworth,The Lady from Shanghai ,19236,1055,Ted de Corsia,1,law partner|murder|partner|seaman|yacht,http://www.imdb.com/title/tt0040525/?ref_=fn_tt_tt_1,175,English,USA,Not Rated,2300000,1947,29,7.7,1.37,0
Black and White,Shane Meadows,44,96,222,20,Annette Badland,5000,,Comedy|Drama|Romance|Sport,Bob Hoskins,24 7: Twenty Four Seven ,2081,5535,Karl Collins,2,fight|gang|hiking|wales|working class,http://www.imdb.com/title/tt0120391/?ref_=fn_tt_tt_1,21,English,UK,R,,1997,497,7.1,1.85,224
Black and White,Fenton Bailey,123,89,13,218,Bill Maher,373,653621,Biography|Documentary|History,Hugh M. Hefner,Inside Deep Throat ,5615,1136,Linda Lovelace,0,clitoris|deep throat|fellatio|oral sex|porn industry,http://www.imdb.com/title/tt0418753/?ref_=fn_tt_tt_1,64,English,USA,NC-17,2000000,2005,334,6.8,1.85,592
Black and White,David Sington,107,100,90,65,Buzz Aldrin,168,1134049,Documentary|History,John F. Kennedy,In the Shadow of the Moon ,5475,408,Neil Armstrong,0,1960s|astronaut|moon|nasa|spacecraft accident,http://www.imdb.com/title/tt0925248/?ref_=fn_tt_tt_1,44,English,UK,PG,2000000,2007,142,8.1,1.85,0
Black and White,Henry King,10,106,85,300,Don Ameche,480,,Drama|Musical|Romance,Tyrone Power,Alexander's Ragtime Band ,1381,1833,John Carradine,2,band|dance|ragtime|singer|violinist,http://www.imdb.com/title/tt0029852/?ref_=fn_tt_tt_1,29,English,USA,Approved,2000000,1938,392,7.0,1.37,60
Black and White,Elia Kazan,61,118,603,167,Celeste Holm,936,,Drama|Romance,Dean Stockwell,Gentleman's Agreement ,10791,1846,John Garfield,3,bigotry|jewish|prejudice|racism|writer,http://www.imdb.com/title/tt0039416/?ref_=fn_tt_tt_1,113,English,USA,Approved,2000000,1947,297,7.4,1.37,0
Black and White,Jack Conway,12,119,6,380,Spencer Tracy,1000,,Adventure|Drama|Romance|Western,Hedy Lamarr,Boom Town ,2269,2555,Claudette Colbert,8,oil|oil field|oil tycoon|partnership|wildcatter,http://www.imdb.com/title/tt0032273/?ref_=fn_tt_tt_1,34,English,USA,Passed,1614000,1940,760,7.1,1.37,236
